Model,Test_Accuracy,Test_F1,Test_Precision,Test_Recall
Decision Tree,0.6393180607352158,0.6357122310763424,0.640996859108159,0.6393180607352158
Random Forest,0.6579648375066596,0.6541970512642282,0.6607143529695798,0.6579648375066596
XGBoost,0.6702184336707512,0.6687488528952681,0.6707454660270545,0.6702184336707512
XGBoost (Tuned),0.6627597229621737,0.6592376475308175,0.6654452317919645,0.6627597229621737
